n_trades,n_quotes,total_volume,mean_trade_size,median_trade_size,cumulative_ofi,ofi_per_min,mean_mp_minus_mid,std_mp_minus_mid,mean_spread,std_spread,aggressor_ratio,buy_volume,sell_volume,status,fire_id,ticker,day,fire_hhmm,direction,tier,opt_eod_pnl,row_type,sample_hhmm
2872,252440,202571.0,70.53307799442896,40.0,-60536.0,-2017.8666666666666,0.0009080770295195063,0.01153216500030202,0.03721442719062018,0.042308976931848104,0.4937231884129515,100014.0,102557.0,ok,2026-04-14_SPY_10:06_BEARISH,SPY,2026-04-14,10:06,BEARISH,A,-99.20634920634922,fire,
1567,492925,115079.0,73.4390555201021,40.0,-365541.0,-12184.7,0.0004196104639605369,0.01263137875275801,0.04754203986407474,0.02082922122244538,0.5168015015771774,59473.0,55606.0,ok,2026-04-14_QQQ_10:10_BEARISH,QQQ,2026-04-14,10:10,BEARISH,A,,fire,
2027,228296,160562.0,79.21164282190429,44.0,35397.0,1179.9,-0.0011345700923718,0.08172348519843178,0.04377198899674199,0.23405431038798913,0.4808983445647164,77214.0,83348.0,ok,2026-04-16_SPY_09:52_BULLISH,SPY,2026-04-16,09:52,BULLISH,A,-25.0,fire,
1776,495892,94615.0,53.274211711711715,40.0,-107570.0,-3585.6666666666665,-0.000243152783672958,0.05715266419169085,0.06584693844627326,0.20543590369100861,0.5213549648575807,49328.0,45287.0,ok,2026-04-16_QQQ_09:55_BULLISH,QQQ,2026-04-16,09:55,BULLISH,A,132.967032967033,fire,
1195,639008,79441.0,66.47782426778242,40.0,-108082.0,-3602.733333333333,8.192852893580145e-05,0.012673181145999718,0.048340099028493316,0.020888114097642158,0.6396445160559409,50814.0,28627.0,ok,2026-04-20_QQQ_10:12_BULLISH,QQQ,2026-04-20,10:12,BULLISH,B,-94.66666666666669,fire,
1749,188684,128659.0,73.56146369353917,40.0,-75064.0,-2502.133333333333,-0.00022081779099278434,0.009631692361405684,0.03582094931207675,0.01535223973845937,0.45092065071234816,58015.0,70644.0,ok,2026-04-21_SPY_10:53_BEARISH,SPY,2026-04-21,10:53,BEARISH,B,320.4918032786885,fire,
1353,491244,73787.0,54.53584626755359,40.0,178044.0,5934.8,-0.0008325403476376973,0.009492684909581564,0.039201863025299585,0.01471913698003222,0.5028799110954504,37106.0,36681.0,ok,2026-04-21_QQQ_10:26_BEARISH,QQQ,2026-04-21,10:26,BEARISH,A,275.83892617449663,fire,
1796,195333,104952.0,58.43652561247216,40.0,-324663.0,-10822.1,-0.00012329326645376908,0.01109596115630277,0.04230713704289512,0.01752166990345135,0.5223435475264883,54821.0,50131.0,ok,2026-04-22_SPY_10:14_BEARISH,SPY,2026-04-22,10:14,BEARISH,B,-93.19727891156462,fire,
1031,622325,52800.0,51.21241513094083,40.0,-252504.0,-8416.8,-2.893883142605921e-05,0.023764751346222867,0.06086006507853556,0.0648051959879525,0.48875,25806.0,26994.0,ok,2026-04-22_QQQ_09:57_BULLISH,QQQ,2026-04-22,09:57,BULLISH,B,200.9950248756219,fire,
1445,599032,87531.0,60.57508650519031,40.0,-104217.0,-3473.9,0.0005640468275529624,0.01165899094490861,0.045346425566580056,0.023288840904449774,0.4138876512321349,36228.0,51303.0,ok,2026-04-22_QQQ_10:07_BEARISH,QQQ,2026-04-22,10:07,BEARISH,A,-98.77300613496932,fire,
2241,187976,136924.0,61.099509147701916,40.0,-34373.0,-1145.7666666666667,-0.0006730085108614228,0.011868349312788904,0.04096703834532012,0.025411460319543076,0.46091262306096814,63110.0,73814.0,ok,2026-04-23_SPY_10:10_BULLISH,SPY,2026-04-23,10:10,BULLISH,A,-93.87755102040816,fire,
855,103032,46757.0,54.68654970760234,40.0,9057.0,301.9,-0.0009195826674569674,0.014092598276190834,0.04299140072986779,0.03541899423521265,0.4013944436127211,18768.0,27869.0,ok,2026-04-23_SPY_13:01_BULLISH,SPY,2026-04-23,13:01,BULLISH,B,-96.34146341463416,fire,
1200,303098,74973.0,62.4775,40.0,44543.0,1484.7666666666667,-0.00046397124205376227,0.012590968440112775,0.04868785013427862,0.03444237431556399,0.627772664826004,47066.0,27907.0,ok,2026-04-23_QQQ_13:07_BULLISH,QQQ,2026-04-23,13:07,BULLISH,A,,fire,
1933,198386,160142.0,82.84635281945162,40.0,-51752.0,-1725.0666666666666,-0.00020865528764412602,0.016053453889722336,0.06100737955298925,0.029856034432377162,0.624926627617989,100077.0,60065.0,ok,2026-04-24_SPY_10:07_BEARISH,SPY,2026-04-24,10:07,BEARISH,B,-98.36065573770492,fire,
2376,201634,213313.0,89.77819865319866,59.5,8832.0,294.4,-0.0002863094618543046,0.015685427076809415,0.06072844857513842,0.028667573792602312,0.7237299180078102,154381.0,58932.0,ok,2026-04-24_SPY_10:14_BULLISH,SPY,2026-04-24,10:14,BULLISH,A,140.8536585365854,fire,
1144,670739,85743.0,74.95017482517483,40.5,353517.0,11783.9,-0.00012909217058554634,0.034949728149039135,0.06698131463952396,0.0858817667524971,0.45447441773672487,38968.0,46775.0,ok,2026-04-24_QQQ_09:53_BEARISH,QQQ,2026-04-24,09:53,BEARISH,A,-99.53917050691244,fire,
1496,626064,96917.0,64.7840909090909,40.0,-160334.0,-5344.466666666666,-7.957390418187138e-05,0.013226375557481667,0.05092987298423423,0.0286672518306828,0.5142957375898966,49844.0,47073.0,ok,2026-04-24_QQQ_10:27_BEARISH,QQQ,2026-04-24,10:27,BEARISH,A,-99.5,fire,
2541,146501,164442.0,64.71546635182999,40.0,-7913.0,-263.76666666666665,2.535336620955073e-05,0.007233786825561514,0.028702056641248745,0.013675492159491182,0.438610573940964,72126.0,92316.0,ok,2026-04-14_SPY_10:06_BEARISH,SPY,2026-04-14,,,,,random,10:39
2654,96761,167365.0,63.06141672946496,40.0,56268.0,1875.6,-0.0003124190049062305,0.005791815405983488,0.024982172569525524,0.010531353534681858,0.4616198129835987,77259.0,90106.0,ok,2026-04-14_SPY_10:06_BEARISH,SPY,2026-04-14,,,,,random,14:22
3071,258335,224044.0,72.95473787040052,40.0,-146487.0,-4882.9,0.0003279214125653853,0.01245836739763381,0.03837513306365796,0.04543153813639695,0.47762939422613415,107010.0,117034.0,ok,2026-04-14_SPY_10:06_BEARISH,SPY,2026-04-14,,,,,random,10:02
2091,103703,117769.0,56.32185557149689,40.0,26296.0,876.5333333333333,0.0008529507798941089,0.007233905754401678,0.030373566820632185,0.013329144078411341,0.5625164516978152,66247.0,51522.0,ok,2026-04-14_SPY_10:06_BEARISH,SPY,2026-04-14,,,,,random,11:41
2811,176431,172613.0,61.4062611170402,40.0,124107.0,4136.9,0.0006865520015078258,0.007194953211951808,0.029732076562508557,0.013449832948519772,0.4620625329494302,79758.0,92855.0,ok,2026-04-14_SPY_10:06_BEARISH,SPY,2026-04-14,,,,,random,10:31
1759,68473,100658.0,57.22455940875498,40.0,-8675.0,-289.1666666666667,-0.0011204687106178223,0.006610047733066091,0.027119010412858552,0.011959281200193853,0.5864014782729638,59026.0,41632.0,ok,2026-04-14_SPY_10:06_BEARISH,SPY,2026-04-14,,,,,random,13:44
1709,66143,97594.0,57.105909888823874,37.0,-58610.0,-1953.6666666666667,-0.0017122974593246692,0.006739851271030696,0.027938859743281884,0.011495282729627148,0.5212717994958707,50873.0,46721.0,ok,2026-04-14_SPY_10:06_BEARISH,SPY,2026-04-14,,,,,random,13:21
1622,66984,83386.0,51.40937114673243,30.0,-29841.0,-994.7,-0.0012876468454195056,0.006953161511283285,0.028780455034035302,0.011861179033531217,0.528254143381383,44049.0,39337.0,ok,2026-04-14_SPY_10:06_BEARISH,SPY,2026-04-14,,,,,random,13:32
1676,83545,88694.0,52.9200477326969,40.0,-65947.0,-2198.233333333333,-0.0013278781756065493,0.006073038564208393,0.02612639894667396,0.011045500393458826,0.4562766365255823,40469.0,48225.0,ok,2026-04-14_SPY_10:06_BEARISH,SPY,2026-04-14,,,,,random,15:04
2025,69197,101425.0,50.08641975308642,40.0,-41827.0,-1394.2333333333333,-0.0011028268086499757,0.006570580597171693,0.026712285214677715,0.012253019819075405,0.5245156519595761,53199.0,48226.0,ok,2026-04-14_SPY_10:06_BEARISH,SPY,2026-04-14,,,,,random,12:45
800,95820,67323.0,84.15375,40.0,236021.0,7867.366666666667,0.0010986979462497073,0.009053992729741597,0.03372364850761994,0.012680820323926067,0.44207774460437,29762.0,37561.0,ok,2026-04-14_QQQ_10:10_BEARISH,QQQ,2026-04-14,,,,,random,13:25
984,144682,136304.0,138.52032520325204,40.0,70589.0,2352.9666666666667,0.0002197169319279447,0.008345764141011241,0.03364240195739865,0.011204999402723313,0.5630208944711821,76742.0,59562.0,ok,2026-04-14_QQQ_10:10_BEARISH,QQQ,2026-04-14,,,,,random,14:27
839,84531,86923.0,103.6030989272944,40.0,60118.0,2003.9333333333334,0.00039797869174765303,0.00867534426686958,0.03172055222344933,0.011799601821853255,0.44807473280949806,38948.0,47975.0,ok,2026-04-14_QQQ_10:10_BEARISH,QQQ,2026-04-14,,,,,random,13:59
1556,362441,106314.0,68.32519280205655,40.0,-226326.0,-7544.2,0.0009772592691056378,0.02873474269113782,0.0669593395890636,0.07473399484953439,0.5209661944805012,55386.0,50928.0,ok,2026-04-14_QQQ_10:10_BEARISH,QQQ,2026-04-14,,,,,random,09:46
1937,205545,122127.0,63.049561177077955,40.0,51135.0,1704.5,0.00020058550534701982,0.009965371466673078,0.037335473983800445,0.015460171833630626,0.5309964217576785,64849.0,57278.0,ok,2026-04-14_QQQ_10:10_BEARISH,QQQ,2026-04-14,,,,,random,11:36
1460,151031,105278.0,72.1082191780822,40.0,87111.0,2903.7,-0.00036425010529829405,0.009490930157932247,0.032063152597812825,0.01653023002275594,0.5719238587359182,60211.0,45067.0,ok,2026-04-14_QQQ_10:10_BEARISH,QQQ,2026-04-14,,,,,random,11:55
1101,113399,89354.0,81.15712988192553,40.0,248750.0,8291.666666666666,0.0005399422570599808,0.008049538201768371,0.03127311528320516,0.010920887094888044,0.5269154150905387,47082.0,42272.0,ok,2026-04-14_QQQ_10:10_BEARISH,QQQ,2026-04-14,,,,,random,15:11
871,134867,67874.0,77.92652123995407,40.0,351578.0,11719.266666666666,0.0008591870076899341,0.008332360501566142,0.03337102478738275,0.01040295505316641,0.3276512361139759,22239.0,45635.0,ok,2026-04-14_QQQ_10:10_BEARISH,QQQ,2026-04-14,,,,,random,14:57
1058,179500,89059.0,84.17674858223063,40.0,-132298.0,-4409.933333333333,-0.0012191971157172292,0.009022655947168072,0.03578880222841283,0.012174717333543375,0.628785411917942,55999.0,33060.0,ok,2026-04-14_QQQ_10:10_BEARISH,QQQ,2026-04-14,,,,,random,11:16
1462,258195,96828.0,66.2298221614227,40.0,-92955.0,-3098.5,2.692941326819368e-06,0.009247658367861561,0.0366213520788522,0.014032539086364067,0.5530425083653489,53550.0,43278.0,ok,2026-04-14_QQQ_10:10_BEARISH,QQQ,2026-04-14,,,,,random,10:36
2674,323201,205155.0,76.72213911742708,40.0,-129046.0,-4301.533333333334,-0.0005668380637457334,0.009715378238377394,0.03702550425277239,0.02164311957418289,0.5362823231215422,110021.0,95134.0,ok,2026-04-16_SPY_09:52_BULLISH,SPY,2026-04-16,,,,,random,10:07
1825,212313,136997.0,75.0668493150685,40.0,21234.0,707.8,-1.2859786161873016e-05,0.007509228175592938,0.03202210886757098,0.01209436770854477,0.45311211194405715,62075.0,74914.0,ok,2026-04-16_SPY_09:52_BULLISH,SPY,2026-04-16,,,,,random,10:36
1379,106094,81869.0,59.368382886149384,40.0,77331.0,2577.7,-0.0004492035989092083,0.007633385374645629,0.03385130167587204,0.01137819747351584,0.6060169294849088,49614.0,32255.0,ok,2026-04-16_SPY_09:52_BULLISH,SPY,2026-04-16,,,,,random,13:46
1415,162135,102825.0,72.6678445229682,40.0,56980.0,1899.3333333333333,-0.00019925140986829304,0.0071071042962384656,0.02989366885620314,0.011706282971889203,0.4439776318988573,45652.0,57173.0,ok,2026-04-16_SPY_09:52_BULLISH,SPY,2026-04-16,,,,,random,10:54
1655,88496,114575.0,69.2296072507553,40.0,81140.0,2704.6666666666665,0.00041451374722696393,0.0072513644178820455,0.030613022057492945,0.012432150931461551,0.6141392101243727,70365.0,44210.0,ok,2026-04-16_SPY_09:52_BULLISH,SPY,2026-04-16,,,,,random,14:59
1871,78535,129395.0,69.15820416889363,40.0,35690.0,1189.6666666666667,0.000666443063411582,0.006609680252484376,0.02804940472400943,0.011458829070417093,0.5667838788206654,73339.0,56056.0,ok,2026-04-16_SPY_09:52_BULLISH,SPY,2026-04-16,,,,,random,15:11
1982,93189,124564.0,62.84762865792129,40.0,-93781.0,-3126.0333333333333,-0.0007422537593328663,0.007923752658251602,0.031117835796073013,0.015930273339589473,0.5308596384188048,66126.0,58438.0,ok,2026-04-16_SPY_09:52_BULLISH,SPY,2026-04-16,,,,,random,12:33
1578,125758,89745.0,56.872623574144484,40.0,24480.0,816.0,-0.0006378257948416429,0.008230850708569229,0.036257017446206005,0.015238701164111617,0.509231712073096,45701.0,44044.0,ok,2026-04-16_SPY_09:52_BULLISH,SPY,2026-04-16,,,,,random,14:10
1613,113574,89719.0,55.62244265344079,40.0,39867.0,1328.9,-0.00017108331905437536,0.00834520199380334,0.03685553031503609,0.015217370971778523,0.5383475072169774,48300.0,41419.0,ok,2026-04-16_SPY_09:52_BULLISH,SPY,2026-04-16,,,,,random,14:03
1961,134785,127208.0,64.86894441611423,40.0,-22079.0,-735.9666666666667,-0.0008324029581380828,0.008451977836839632,0.03512779611974716,0.015277006515067389,0.5544384001006226,70529.0,56679.0,ok,2026-04-16_SPY_09:52_BULLISH,SPY,2026-04-16,,,,,random,12:48
772,281307,40918.0,53.00259067357513,40.0,105453.0,3515.1,-0.0008139410086084298,0.01079583064783518,0.044259012395709896,0.015115816530703936,0.5048633853071998,20658.0,20260.0,ok,2026-04-16_QQQ_09:55_BULLISH,QQQ,2026-04-16,,,,,random,12:48
692,266317,30235.0,43.69219653179191,40.0,148159.0,4938.633333333333,-0.0017973241522991,0.009822173832163885,0.040428774730866944,0.011671553211916336,0.5937820406813296,17953.0,12282.0,ok,2026-04-16_QQQ_09:55_BULLISH,QQQ,2026-04-16,,,,,random,13:06
1402,413361,74292.0,52.99001426533523,40.0,-165013.0,-5500.433333333333,-0.0005615813505211871,0.06247323093089091,0.0706418118787199,0.2246367717715098,0.49582727615355626,36836.0,37456.0,ok,2026-04-16_QQQ_09:55_BULLISH,QQQ,2026-04-16,,,,,random,09:50
1202,304087,59337.0,49.36522462562396,40.0,101782.0,3392.733333333333,-0.00124683291489156,0.011465536353235507,0.04359788481585892,0.0199122964520455,0.5528927987596273,32807.0,26530.0,ok,2026-04-16_QQQ_09:55_BULLISH,QQQ,2026-04-16,,,,,random,11:43
735,145553,35222.0,47.92108843537415,40.0,46018.0,1533.9333333333334,-0.0021755711388269762,0.01026546964712568,0.03783233598757653,0.015132194848274211,0.6627959797853614,23345.0,11877.0,ok,2026-04-16_QQQ_09:55_BULLISH,QQQ,2026-04-16,,,,,random,13:52
702,218821,36460.0,51.93732193732194,40.0,65453.0,2181.766666666667,-0.0008834011073248322,0.010165314305036874,0.04022886286050902,0.013344263391090995,0.6317059791552386,23032.0,13428.0,ok,2026-04-16_QQQ_09:55_BULLISH,QQQ,2026-04-16,,,,,random,13:39
818,306792,39848.0,48.71393643031785,40.0,114879.0,3829.3,-0.0014187456526244552,0.010574323880944717,0.04379524237920197,0.014797666254446316,0.5492371009837382,21886.0,17962.0,ok,2026-04-16_QQQ_09:55_BULLISH,QQQ,2026-04-16,,,,,random,12:58
959,296392,57413.0,59.86757038581856,40.0,24471.0,815.7,-0.0007370768520705351,0.011072777373622986,0.04296782639207575,0.01842336829267506,0.555483949628133,31892.0,25511.0,ok,2026-04-16_QQQ_09:55_BULLISH,QQQ,2026-04-16,,,,,random,12:06
717,243154,35970.0,50.1673640167364,40.0,65243.0,2174.766666666667,-0.0008662553829568359,0.009736081352483406,0.039431224655977336,0.011587810030515526,0.6031415068112316,21695.0,14275.0,ok,2026-04-16_QQQ_09:55_BULLISH,QQQ,2026-04-16,,,,,random,13:35
788,202122,47998.0,60.911167512690355,40.0,23313.0,777.1,-0.0008218169035465565,0.010554186617071703,0.04054640266769456,0.017066963376895884,0.4934788949539564,23686.0,24312.0,ok,2026-04-16_QQQ_09:55_BULLISH,QQQ,2026-04-16,,,,,random,12:34
1803,564400,145162.0,80.51136993899057,53.0,-323748.0,-10791.6,0.00031640533537125395,0.009545752209085306,0.03940155917788994,0.01599394853859632,0.6229040658023449,90422.0,54740.0,ok,2026-04-20_QQQ_10:12_BULLISH,QQQ,2026-04-20,,,,,random,11:27
455,194947,23651.0,51.98021978021978,40.0,-182845.0,-6094.833333333333,0.0014431506870043389,0.010023458923847636,0.03528241009094601,0.016336766614992636,0.5845841613462432,13826.0,9825.0,ok,2026-04-20_QQQ_10:12_BULLISH,QQQ,2026-04-20,,,,,random,12:40
425,202148,20690.0,48.68235294117647,40.0,-183144.0,-6104.8,0.0016892483435188871,0.00989039568215671,0.035396491679361715,0.016695992291473106,0.5346544224262929,11062.0,9624.0,ok,2026-04-20_QQQ_10:12_BULLISH,QQQ,2026-04-20,,,,,random,12:43
1234,519097,81359.0,65.93111831442464,40.0,-318541.0,-10618.033333333333,0.0009738023455837843,0.010194420100759265,0.03986224154637679,0.01748807955869632,0.6715667596701042,54638.0,26721.0,ok,2026-04-20_QQQ_10:12_BULLISH,QQQ,2026-04-20,,,,,random,10:35
2703,590552,220552.0,81.5952645209027,55.0,-169599.0,-5653.3,0.0006101647391521481,0.012252121500663106,0.0405364303228164,0.03238791305095157,0.6603295367985781,145637.0,74915.0,ok,2026-04-20_QQQ_10:12_BULLISH,QQQ,2026-04-20,,,,,random,11:09
1147,577295,68890.0,60.06102877070619,40.0,-25882.0,-862.7333333333333,0.00032979128476767994,0.030076028626498826,0.07125344927636473,0.07704723872424403,0.6006096675860066,41376.0,27514.0,ok,2026-04-20_QQQ_10:12_BULLISH,QQQ,2026-04-20,,,,,random,09:52
1206,617916,80232.0,66.5273631840796,40.0,-151996.0,-5066.533333333334,0.00011878998470923504,0.012353548003937478,0.04729848393632731,0.020643022816634087,0.6548384684415196,52539.0,27693.0,ok,2026-04-20_QQQ_10:12_BULLISH,QQQ,2026-04-20,,,,,random,10:14
1243,526510,82598.0,66.45052292839904,40.0,-372526.0,-12417.533333333333,0.0006473795546417674,0.010138735584626501,0.039472963476475734,0.01734976995747369,0.6781762270272887,56016.0,26582.0,ok,2026-04-20_QQQ_10:12_BULLISH,QQQ,2026-04-20,,,,,random,10:41
1021,514026,61109.0,59.85210577864839,40.0,-310858.0,-10361.933333333332,0.0002799006290568884,0.009787953286836558,0.04139271165272025,0.016576576348258685,0.45710124531574725,27933.0,33146.0,ok,2026-04-20_QQQ_10:12_BULLISH,QQQ,2026-04-20,,,,,random,11:37
764,163267,42402.0,55.5,40.0,-176514.0,-5883.8,0.0006222288308298123,0.009615740222248514,0.035131839257166765,0.014845216939741222,0.5082071600396207,21549.0,20800.0,ok,2026-04-20_QQQ_10:12_BULLISH,QQQ,2026-04-20,,,,,random,13:50
1192,128330,59096.0,49.577181208053695,40.0,-49134.0,-1637.8,0.000797583338070823,0.009390290305269623,0.03642601106522297,0.011408491019066078,0.49543116285366184,29278.0,29758.0,ok,2026-04-21_SPY_10:53_BEARISH,SPY,2026-04-21,,,,,random,12:48
1368,145145,87514.0,63.97222222222222,40.0,-81897.0,-2729.9,0.0008699133114873368,0.01010230694413367,0.03755058734369171,0.014640030436585665,0.5625842722307288,49234.0,38280.0,ok,2026-04-21_SPY_10:53_BEARISH,SPY,2026-04-21,,,,,random,13:06
1522,164650,104833.0,68.8784494086728,40.0,-245635.0,-8187.833333333333,-0.0026915694382253002,0.05668268970728039,0.055674347699335054,0.1681930404005554,0.4094130664962369,42920.0,61913.0,ok,2026-04-21_SPY_10:53_BEARISH,SPY,2026-04-21,,,,,random,09:50
1698,234489,89702.0,52.82803297997644,40.0,-28847.0,-961.5666666666667,-7.159178642847701e-05,0.01036984750040474,0.039654568018116974,0.012603435780352544,0.5388174176718468,48333.0,41369.0,ok,2026-04-21_SPY_10:53_BEARISH,SPY,2026-04-21,,,,,random,11:43
1677,207886,95673.0,57.05008944543828,40.0,59938.0,1997.9333333333334,-0.0019270512554996502,0.012421073072346935,0.04444421461762514,0.021243826487376327,0.5656977412645156,54122.0,41551.0,ok,2026-04-21_SPY_10:53_BEARISH,SPY,2026-04-21,,,,,random,13:52
1775,207593,115626.0,65.14140845070422,40.0,5779.0,192.63333333333333,-0.0009131960694870912,0.011913878501403496,0.04215513047164382,0.02131728287301362,0.5855689896736028,67707.0,47919.0,ok,2026-04-21_SPY_10:53_BEARISH,SPY,2026-04-21,,,,,random,13:39
1033,122168,47436.0,45.920619554695065,40.0,-83560.0,-2785.3333333333335,0.0007093061853156715,0.009017701064722616,0.03502128216881904,0.01140908709317409,0.5212918458554684,24728.0,22708.0,ok,2026-04-21_SPY_10:53_BEARISH,SPY,2026-04-21,,,,,random,12:58
1164,203042,63928.0,54.92096219931271,40.0,-61397.0,-2046.5666666666666,0.000834552648052433,0.011047631045088626,0.04099166674875143,0.01963542344771469,0.5318326867726192,33999.0,29929.0,ok,2026-04-21_SPY_10:53_BEARISH,SPY,2026-04-21,,,,,random,12:06
2002,218809,149552.0,74.7012987012987,40.0,559.0,18.633333333333333,-0.0006861349511990127,0.011599987561263365,0.041519681548749014,0.019195964261433805,0.5994704183160372,89652.0,59900.0,ok,2026-04-21_SPY_10:53_BEARISH,SPY,2026-04-21,,,,,random,13:35
1092,132546,56633.0,51.86172161172161,40.0,-22737.0,-757.9,0.001381095278667137,0.010497986972423051,0.03659642690084799,0.015550420577136917,0.42784242402839334,24230.0,32401.0,ok,2026-04-21_SPY_10:53_BEARISH,SPY,2026-04-21,,,,,random,12:34
1294,493707,71110.0,54.953632148377125,40.0,131125.0,4370.833333333333,-0.0008028768305701968,0.009567208706693536,0.03974541580330069,0.014512079140344317,0.49149205456335254,34950.0,36160.0,ok,2026-04-21_QQQ_10:26_BEARISH,QQQ,2026-04-21,,,,,random,10:28
927,441723,48136.0,51.926645091693636,40.0,-146778.0,-4892.6,0.0015756613922960554,0.011024703774701805,0.039964978051855726,0.019718600164282365,0.35590825993019776,17132.0,31004.0,ok,2026-04-21_QQQ_10:26_BEARISH,QQQ,2026-04-21,,,,,random,12:30
640,366603,41303.0,64.5359375,40.0,62225.0,2074.1666666666665,0.0003791648213739038,0.008776951623210889,0.03578628652793425,0.010269554823464429,0.5353606275573203,22112.0,19191.0,ok,2026-04-21_QQQ_10:26_BEARISH,QQQ,2026-04-21,,,,,random,13:04
616,232434,31867.0,51.732142857142854,40.0,-286973.0,-9565.766666666666,-0.0031017230948738365,0.12159117406988218,0.0955214488428076,0.3544703719550102,0.42940973420780115,13684.0,18183.0,ok,2026-04-21_QQQ_10:26_BEARISH,QQQ,2026-04-21,,,,,random,09:38
660,297819,33057.0,50.086363636363636,40.0,-296302.0,-9876.733333333334,-0.0019010234113563508,0.1074902508400814,0.08595357035930674,0.31382406133353447,0.43113410170311883,14252.0,18805.0,ok,2026-04-21_QQQ_10:26_BEARISH,QQQ,2026-04-21,,,,,random,09:41
576,263547,33534.0,58.21875,40.0,78357.0,2611.9,0.0007642569746667914,0.011779886666524783,0.046765852011214595,0.024292253529563778,0.6501461203554602,21802.0,11732.0,ok,2026-04-21_QQQ_10:26_BEARISH,QQQ,2026-04-21,,,,,random,14:44
968,486202,49266.0,50.89462809917355,40.0,-281444.0,-9381.466666666667,0.0013635609016504973,0.010785997258807965,0.039463103812819304,0.019115600354394965,0.3677992936304957,18120.0,31146.0,ok,2026-04-21_QQQ_10:26_BEARISH,QQQ,2026-04-21,,,,,random,12:20
1085,425557,68062.0,62.72995391705069,40.0,-29189.0,-972.9666666666667,-0.0008133228792800063,0.01040101124141157,0.044617195816305875,0.018572097173942727,0.5626340689371455,38294.0,29768.0,ok,2026-04-21_QQQ_10:26_BEARISH,QQQ,2026-04-21,,,,,random,14:10
1167,494533,76425.0,65.48843187660668,40.0,474114.0,15803.8,0.0007001744162756753,0.009779013949895695,0.03928581105811063,0.016600549231603187,0.4371736997055937,33411.0,43014.0,ok,2026-04-21_QQQ_10:26_BEARISH,QQQ,2026-04-21,,,,,random,13:22
603,218532,31503.0,52.243781094527364,40.0,-245655.0,-8188.5,-0.0033788919971997886,0.12529702176371985,0.09629560637204652,0.3649395225036497,0.431038313811383,13579.0,17924.0,ok,2026-04-21_QQQ_10:26_BEARISH,QQQ,2026-04-21,,,,,random,09:37
1354,100424,75768.0,55.95864106351551,40.0,-132377.0,-4412.566666666667,0.0007970806036562111,0.012380828794108619,0.040525870309883145,0.023237366305666123,0.46082779009608277,34916.0,40852.0,ok,2026-04-22_SPY_10:14_BEARISH,SPY,2026-04-22,,,,,random,13:25
1447,66444,105565.0,72.95438838977194,40.0,-158947.0,-5298.233333333334,-0.0005292362081847861,0.007513108503349737,0.02901450845825451,0.011978959785173451,0.4711410031734003,49736.0,55829.0,ok,2026-04-22_SPY_10:14_BEARISH,SPY,2026-04-22,,,,,random,14:27
915,67528,48688.0,53.210928961748635,40.0,-39016.0,-1300.5333333333333,0.0005863352714326348,0.008583524051932731,0.032123711645538754,0.01553015060493708,0.3911230693394676,19043.0,29645.0,ok,2026-04-22_SPY_10:14_BEARISH,SPY,2026-04-22,,,,,random,13:59
1278,152492,104447.0,81.72691705790298,40.0,-229829.0,-7660.966666666666,-0.0020721789444544457,0.032463897450253125,0.06833217325068126,0.09061292812506748,0.529847673939893,55341.0,49106.0,ok,2026-04-22_SPY_10:14_BEARISH,SPY,2026-04-22,,,,,random,09:46
1400,148245,64590.0,46.135714285714286,40.0,-95914.0,-3197.133333333333,0.00023852044086029818,0.009372914465305008,0.035833788660666596,0.014616802098796436,0.4943954172472519,31933.0,32657.0,ok,2026-04-22_SPY_10:14_BEARISH,SPY,2026-04-22,,,,,random,11:36
1487,127303,71061.0,47.788164088769335,40.0,-109414.0,-3647.133333333333,-0.0005866095916392314,0.008863989659283563,0.03361358334053514,0.014652146225366442,0.4740012102278324,33683.0,37378.0,ok,2026-04-22_SPY_10:14_BEARISH,SPY,2026-04-22,,,,,random,11:55
1298,85477,93934.0,72.36825885978428,40.0,-64755.0,-2158.5,-0.0012271763630664597,0.007254377193332245,0.02893877885278784,0.011091216160759419,0.48790640236761984,45831.0,48103.0,ok,2026-04-22_SPY_10:14_BEARISH,SPY,2026-04-22,,,,,random,15:11
1147,56733,72720.0,63.4001743679163,40.0,-110105.0,-3670.1666666666665,-0.0016168982114508346,0.007076655363462654,0.02777431124741991,0.011167374654172628,0.5023239823982398,36529.0,36191.0,ok,2026-04-22_SPY_10:14_BEARISH,SPY,2026-04-22,,,,,random,14:57
1315,163329,75232.0,57.210646387832696,40.0,-157386.0,-5246.2,0.00047102984380669447,0.008876376535761035,0.03473363579034086,0.012790328613102758,0.5118965333900468,38511.0,36721.0,ok,2026-04-22_SPY_10:14_BEARISH,SPY,2026-04-22,,,,,random,11:16
2041,186861,129608.0,63.502204801567856,40.0,-112547.0,-3751.5666666666666,0.0005313199239631863,0.010461624220960145,0.04022663905255846,0.016909689830647674,0.5110178384050367,66232.0,63376.0,ok,2026-04-22_SPY_10:14_BEARISH,SPY,2026-04-22,,,,,random,10:36
615,236942,35333.0,57.452032520325204,40.0,-36284.0,-1209.4666666666667,0.00010277765256102577,0.011892134749077778,0.043976373964938406,0.024958381566497594,0.46967424220983217,16595.0,18738.0,ok,2026-04-22_QQQ_09:57_BULLISH,QQQ,2026-04-22,,,,,random,13:11
491,232744,31891.0,64.9511201629328,40.0,-61441.0,-2048.0333333333333,-0.0009357181396227295,0.008616076498891359,0.03704568109167018,0.013612957040440037,0.451349910633094,14394.0,17497.0,ok,2026-04-22_QQQ_09:57_BULLISH,QQQ,2026-04-22,,,,,random,12:08
1628,470114,100651.0,61.82493857493858,40.0,-448080.0,-14936.0,0.0012039302569027232,0.009241060350018237,0.03703031605100088,0.01636841005470195,0.5100793832152686,51340.0,49311.0,ok,2026-04-22_QQQ_09:57_BULLISH,QQQ,2026-04-22,,,,,random,10:50
1496,433131,90437.0,60.45254010695187,40.0,-382289.0,-12742.966666666667,0.001407630248445579,0.009357381175115649,0.03724245089822702,0.016442207101469212,0.46101706160089345,41693.0,48744.0,ok,2026-04-22_QQQ_09:57_BULLISH,QQQ,2026-04-22,,,,,random,10:57
665,383158,38454.0,57.82556390977444,40.0,51034.0,1701.1333333333334,-0.0010364130871943554,0.03928248251724533,0.07874717558767211,0.10362428361788255,0.5618661257606491,21606.0,16848.0,ok,2026-04-22_QQQ_09:57_BULLISH,QQQ,2026-04-22,,,,,random,09:44
1515,594513,93976.0,62.03036303630363,40.0,-112079.0,-3735.9666666666667,0.0006567439873645797,0.011550854600213907,0.044765244830642155,0.02250928904141587,0.39786754064867624,37390.0,56586.0,ok,2026-04-22_QQQ_09:57_BULLISH,QQQ,2026-04-22,,,,,random,10:08
993,200359,58561.0,58.97381671701913,40.0,-176297.0,-5876.566666666667,0.001204780096652746,0.008509809719137578,0.03285377746944194,0.013241656782802983,0.4925291576305049,28843.0,29718.0,ok,2026-04-22_QQQ_09:57_BULLISH,QQQ,2026-04-22,,,,,random,15:24
743,337005,39848.0,53.63122476446837,40.0,-466207.0,-15540.233333333334,0.0003374083647610108,0.008719436252284423,0.03685150071957365,0.013909444250434827,0.4341246737602891,17299.0,22549.0,ok,2026-04-22_QQQ_09:57_BULLISH,QQQ,2026-04-22,,,,,random,11:22
384,169768,27047.0,70.43489583333333,40.0,137276.0,4575.866666666667,-0.004532888521023283,0.07841650756346531,0.12302159167584303,0.17910904928681037,0.6507191185713758,17600.0,9447.0,ok,2026-04-22_QQQ_09:57_BULLISH,QQQ,2026-04-22,,,,,random,09:33
795,126141,52048.0,65.4691823899371,40.0,4300.0,143.33333333333334,0.00015199231425534288,0.008724412573779618,0.0336168256157775,0.011890706389474258,0.43834537350138336,22815.0,29233.0,ok,2026-04-22_QQQ_09:57_BULLISH,QQQ,2026-04-22,,,,,random,14:23
1595,574954,101244.0,63.47586206896552,40.0,-156066.0,-5202.2,0.0006727541478301027,0.01115253554524043,0.0431159710168116,0.01953571314092855,0.41729880289202326,42249.0,58995.0,ok,2026-04-22_QQQ_10:07_BEARISH,QQQ,2026-04-22,,,,,random,10:11
760,336583,40809.0,53.69605263157895,40.0,-487764.0,-16258.8,0.0003532460942173818,0.008710971304045923,0.03674436914520301,0.013923215039261081,0.42025043495307407,17150.0,23659.0,ok,2026-04-22_QQQ_10:07_BEARISH,QQQ,2026-04-22,,,,,random,11:21
1754,484793,112939.0,64.38939566704676,40.0,-500768.0,-16692.266666666666,0.001118507065981559,0.009177538505762996,0.036839558326957435,0.016366322716553642,0.501244034390246,56610.0,56329.0,ok,2026-04-22_QQQ_10:07_BEARISH,QQQ,2026-04-22,,,,,random,10:46
488,234160,31709.0,64.97745901639344,40.0,-29033.0,-967.7666666666667,-0.0009254759588042355,0.008605856881046548,0.03705316877348729,0.01360079277165426,0.44816928947617396,14211.0,17498.0,ok,2026-04-22_QQQ_10:07_BEARISH,QQQ,2026-04-22,,,,,random,12:07
1004,198303,55123.0,54.90338645418327,40.0,-174102.0,-5803.4,0.0010543272879547446,0.008531164958792466,0.03311629173537407,0.013216337910389099,0.5453803312591841,30063.0,25060.0,ok,2026-04-22_QQQ_10:07_BEARISH,QQQ,2026-04-22,,,,,random,15:29
579,318238,29820.0,51.50259067357513,40.0,-232827.0,-7760.9,0.0005132052569074138,0.009371578877016788,0.039169489501568004,0.016298082454610823,0.5143527833668678,15338.0,14482.0,ok,2026-04-22_QQQ_10:07_BEARISH,QQQ,2026-04-22,,,,,random,11:33
577,154261,32684.0,56.64471403812825,40.0,-29247.0,-974.9,0.0006644325815368619,0.008373203828587776,0.03327464491997936,0.011334326585700112,0.3829702606780076,12517.0,20167.0,ok,2026-04-22_QQQ_10:07_BEARISH,QQQ,2026-04-22,,,,,random,13:46
601,345726,34418.0,57.267886855241265,40.0,52409.0,1746.9666666666667,-0.0013735181284774175,0.04169108013095043,0.08253242146896095,0.10914095921570253,0.5812365622639316,20005.0,14413.0,ok,2026-04-22_QQQ_10:07_BEARISH,QQQ,2026-04-22,,,,,random,09:42
853,487661,49277.0,57.76905041031653,40.0,25807.0,860.2333333333333,-0.0006744100405072477,0.034815504389321184,0.07138463779892615,0.09265423044101596,0.5663291190616312,27907.0,21370.0,ok,2026-04-22_QQQ_10:07_BEARISH,QQQ,2026-04-22,,,,,random,09:49
2047,476197,140559.0,68.66585246702492,53.0,-141935.0,-4731.166666666667,0.0004050167205930026,0.008666226886030677,0.0359837630224483,0.015294189294472084,0.3979111974331064,55930.0,84629.0,ok,2026-04-22_QQQ_10:07_BEARISH,QQQ,2026-04-22,,,,,random,10:23
3348,316789,217916.0,65.08841099163679,40.0,7866.0,262.2,-0.0008508732077755436,0.016495478947745498,0.06358718263576077,0.03683075694799013,0.4017098331467171,87539.0,130377.0,ok,2026-04-23_SPY_10:10_BULLISH,SPY,2026-04-23,,,,,random,14:24
1318,181155,84024.0,63.75113808801214,40.0,-80213.0,-2673.766666666667,-0.00012699618354991904,0.0069048013321525836,0.0306212911595035,0.012244039374948109,0.35548176711415785,29869.0,54155.0,ok,2026-04-23_SPY_10:10_BULLISH,SPY,2026-04-23,,,,,random,10:56
2395,220825,139139.0,58.09561586638831,40.0,-194514.0,-6483.8,-0.0007577668352254016,0.008059961405289705,0.03588022189516674,0.012983665541871352,0.5690568424381374,79178.0,59961.0,ok,2026-04-23_SPY_10:10_BULLISH,SPY,2026-04-23,,,,,random,14:55
1432,138326,70625.0,49.319134078212294,40.0,-133948.0,-4464.933333333333,-0.000543471625379705,0.006273147911230379,0.027141824385873335,0.011021754178296797,0.4518371681415929,31911.0,38474.0,ok,2026-04-23_SPY_10:10_BULLISH,SPY,2026-04-23,,,,,random,11:30
1612,163583,86306.0,53.53970223325062,40.0,-99376.0,-3312.5333333333333,-0.0013252788466080142,0.00719686722590828,0.03130013509961479,0.013584924670459988,0.47090584663870416,40642.0,45664.0,ok,2026-04-23_SPY_10:10_BULLISH,SPY,2026-04-23,,,,,random,11:52
3278,386281,216405.0,66.01738865161684,40.0,136589.0,4552.966666666666,-0.0007724555218939819,0.013457222607278963,0.05315265312039745,0.022610673094921055,0.498458908065895,107869.0,108536.0,ok,2026-04-23_SPY_10:10_BULLISH,SPY,2026-04-23,,,,,random,13:37
2952,256305,172513.0,58.43936314363144,40.0,-89014.0,-2967.133333333333,-0.0008377344854148334,0.009897085879342897,0.04033955638789831,0.02812105160967443,0.5879904702833989,101436.0,71077.0,ok,2026-04-23_SPY_10:10_BULLISH,SPY,2026-04-23,,,,,random,15:05
5094,418380,358709.0,70.41794267766,40.0,155703.0,5190.1,-0.0007997251411649644,0.020210822767487435,0.07219202638749476,0.04269582526137647,0.48823419540630425,175134.0,183575.0,ok,2026-04-23_SPY_10:10_BULLISH,SPY,2026-04-23,,,,,random,14:04
5036,416356,354295.0,70.35246227164416,40.0,169023.0,5634.1,-0.0009154700220370963,0.02013070158994613,0.07185559953501355,0.0428341541493968,0.49104277508855615,173974.0,180281.0,ok,2026-04-23_SPY_10:10_BULLISH,SPY,2026-04-23,,,,,random,14:02
1364,168026,86160.0,63.16715542521994,40.0,-60718.0,-2023.9333333333334,4.827591928710965e-05,0.006708546339779714,0.02972444740694826,0.011671861795523295,0.4007544103992572,34529.0,51631.0,ok,2026-04-23_SPY_10:10_BULLISH,SPY,2026-04-23,,,,,random,11:06
2940,355490,191530.0,65.14625850340136,40.0,125382.0,4179.4,-0.0006879871514449652,0.014208260418501917,0.05351700469774162,0.027586631271279888,0.5038688456116536,96506.0,95024.0,ok,2026-04-23_SPY_13:01_BULLISH,SPY,2026-04-23,,,,,random,13:26
2816,276698,173046.0,61.45099431818182,40.0,10139.0,337.96666666666664,-0.0007542195691108424,0.014666273998991515,0.057948196228378976,0.03449358969310979,0.43853079527986777,75886.0,97160.0,ok,2026-04-23_SPY_13:01_BULLISH,SPY,2026-04-23,,,,,random,14:28
4820,407080,341131.0,70.7740663900415,40.0,234355.0,7811.833333333333,-0.0008789240473635986,0.019922009528886387,0.07129913039206065,0.04237583086006494,0.49860317590603026,170089.0,171042.0,ok,2026-04-23_SPY_13:01_BULLISH,SPY,2026-04-23,,,,,random,14:00
1226,120642,80516.0,65.67373572593802,40.0,14998.0,499.93333333333334,-0.0007573228442965075,0.03316329516905158,0.06557938028075475,0.13742719520850608,0.5024963982314075,40459.0,40057.0,ok,2026-04-23_SPY_13:01_BULLISH,SPY,2026-04-23,,,,,random,09:46
1458,134886,70661.0,48.464334705075444,40.0,-149247.0,-4974.9,-0.0007680081603500183,0.006157121572428331,0.026612843438164956,0.01101030392528551,0.47272186920649295,33403.0,37258.0,ok,2026-04-23_SPY_13:01_BULLISH,SPY,2026-04-23,,,,,random,11:36
1618,170976,88867.0,54.92398022249691,40.0,-57736.0,-1924.5333333333333,-0.0014819807110548035,0.007295876564682279,0.03199794123151865,0.013534811744832027,0.45770646021582817,40675.0,48192.0,ok,2026-04-23_SPY_13:01_BULLISH,SPY,2026-04-23,,,,,random,11:55
2767,255617,159288.0,57.567040115648716,40.0,-22778.0,-759.2666666666667,-0.0011674485382869736,0.010132136896516089,0.04196653587202742,0.027834174306804453,0.6148799658480237,97943.0,61345.0,ok,2026-04-23_SPY_13:01_BULLISH,SPY,2026-04-23,,,,,random,15:12
2427,221553,139339.0,57.412031314379895,40.0,-206475.0,-6882.5,-0.0009362651541843393,0.008073049062127814,0.03575808045930463,0.012782325097339921,0.5710963908166414,79576.0,59763.0,ok,2026-04-23_SPY_13:01_BULLISH,SPY,2026-04-23,,,,,random,14:58
1397,150380,75814.0,54.26914817465999,40.0,-91246.0,-3041.5333333333333,-0.00027426126525550455,0.006326244221395027,0.027652081393803884,0.011140603828992362,0.45926873664494683,34819.0,40995.0,ok,2026-04-23_SPY_13:01_BULLISH,SPY,2026-04-23,,,,,random,11:16
1550,182678,95180.0,61.406451612903226,40.0,-103892.0,-3463.0666666666666,-0.001207233043474291,0.008560629722816387,0.03669954783827286,0.015727040188539702,0.4119037612943896,39205.0,55975.0,ok,2026-04-23_SPY_13:01_BULLISH,SPY,2026-04-23,,,,,random,10:36
1246,582720,61197.0,49.11476725521669,40.0,-475406.0,-15846.866666666667,-0.00021421095618705737,0.015621080821309653,0.05380836422295335,0.03517971769564563,0.5128192558458748,31383.0,29714.0,ok,2026-04-23_QQQ_13:07_BULLISH,QQQ,2026-04-23,,,,,random,10:09
872,323840,46660.0,53.50917431192661,40.0,-150697.0,-5023.233333333334,-0.0004589375113599559,0.008652799278929865,0.035757380187747684,0.011038716340422349,0.5228889841405915,24398.0,22261.0,ok,2026-04-23_QQQ_13:07_BULLISH,QQQ,2026-04-23,,,,,random,11:19
637,490921,32581.0,51.14756671899529,40.0,-109615.0,-3653.8333333333335,-0.0005182711329342089,0.009019575595567163,0.04023409061743122,0.012339749149858586,0.4910223750038366,15998.0,16583.0,ok,2026-04-23_QQQ_13:07_BULLISH,QQQ,2026-04-23,,,,,random,10:44
835,376242,40516.0,48.52215568862275,40.0,-436557.0,-14551.9,-0.0002800041179494567,0.009293952255760457,0.03848730338452388,0.012076233639497438,0.3944614473294501,15982.0,24534.0,ok,2026-04-23_QQQ_13:07_BULLISH,QQQ,2026-04-23,,,,,random,12:05
575,251764,27943.0,48.59652173913044,40.0,-377919.0,-12597.3,0.0010428676338675763,0.011198690576762888,0.04831504901415908,0.023222178595044655,0.5146548330530007,14381.0,13562.0,ok,2026-04-23_QQQ_13:07_BULLISH,QQQ,2026-04-23,,,,,random,15:28
776,313115,40849.0,52.64046391752577,40.0,-355095.0,-11836.5,-0.0013698120377311006,0.008971910970916253,0.035253756606999156,0.010212287220602492,0.5280423021371392,21570.0,19279.0,ok,2026-04-23_QQQ_13:07_BULLISH,QQQ,2026-04-23,,,,,random,11:31
2279,662488,125454.0,55.04782799473453,40.0,99054.0,3301.8,0.0009109037801606232,0.017061885235632315,0.05456376568330254,0.03728636762029554,0.4904267699714636,61526.0,63928.0,ok,2026-04-23_QQQ_13:07_BULLISH,QQQ,2026-04-23,,,,,random,13:45
740,275238,41724.0,56.383783783783784,40.0,-145768.0,-4858.933333333333,-0.0033553033718633773,0.12702581251880185,0.12076537396725802,0.3003143313565399,0.4375659093087911,18257.0,23467.0,ok,2026-04-23_QQQ_13:07_BULLISH,QQQ,2026-04-23,,,,,random,09:42
1022,360458,53366.0,52.217221135029355,40.0,-171416.0,-5713.866666666667,-0.0008698445838982469,0.03645516732514583,0.08759985906818565,0.10576087424259632,0.4899374133343327,26146.0,27220.0,ok,2026-04-23_QQQ_13:07_BULLISH,QQQ,2026-04-23,,,,,random,09:49
996,593609,47699.0,47.890562248995984,40.0,-519595.0,-17319.833333333332,0.0003971485866767062,0.011149388123929488,0.04566994435731075,0.017092889792963913,0.49564980397911906,23642.0,24057.0,ok,2026-04-23_QQQ_13:07_BULLISH,QQQ,2026-04-23,,,,,random,10:21
883,60475,55772.0,63.16194790486976,40.0,-15223.0,-507.43333333333334,-0.0016826884760110122,0.010156189571319803,0.04290649028524065,0.01702101704874979,0.48929570393745964,27289.0,28483.0,ok,2026-04-24_SPY_10:07_BEARISH,SPY,2026-04-24,,,,,random,13:11
1431,137544,112565.0,78.66177498252969,40.0,181128.0,6037.6,-0.0021300283974117996,0.019229714965783243,0.06735888152155094,0.042982162882955845,0.38376937769288855,43199.0,69366.0,ok,2026-04-24_SPY_10:07_BEARISH,SPY,2026-04-24,,,,,random,12:08
1064,129386,80675.0,75.82236842105263,40.0,-169557.0,-5651.9,0.0011771389175384535,0.012045230357600129,0.05325645742197765,0.017912145401686883,0.5651317012705299,45592.0,35083.0,ok,2026-04-24_SPY_10:07_BEARISH,SPY,2026-04-24,,,,,random,10:50
1010,125113,74744.0,74.0039603960396,40.0,-147296.0,-4909.866666666667,0.0008203245685549232,0.012039400904144138,0.053018311446450965,0.017837501906569523,0.5609279674622712,41926.0,32818.0,ok,2026-04-24_SPY_10:07_BEARISH,SPY,2026-04-24,,,,,random,10:57
1017,109047,80528.0,79.18190757128811,40.0,-176575.0,-5885.833333333333,-0.002773287095089832,0.07299552125971456,0.07941373902995792,0.15325756870267526,0.30189499304589706,24311.0,56217.0,ok,2026-04-24_SPY_10:07_BEARISH,SPY,2026-04-24,,,,,random,09:44
1782,196821,136907.0,76.827721661055,40.0,-41547.0,-1384.9,-0.00014358674187826449,0.01577386114995591,0.06005294150522229,0.028676408254071993,0.5813070186330866,79585.0,57322.0,ok,2026-04-24_SPY_10:07_BEARISH,SPY,2026-04-24,,,,,random,10:06
1607,40803,98320.0,61.18232731798382,40.0,-22451.0,-748.3666666666667,-0.0016201394094021223,0.009594129177899348,0.03697620273018658,0.01570549311283066,0.34149715215622456,33576.0,64744.0,ok,2026-04-24_SPY_10:07_BEARISH,SPY,2026-04-24,,,,,random,15:24
755,83297,48397.0,64.10198675496689,40.0,15118.0,503.93333333333334,-0.002068838652808464,0.011325316867266032,0.049366603839271744,0.01608643262714473,0.5692914850094014,27552.0,20845.0,ok,2026-04-24_SPY_10:07_BEARISH,SPY,2026-04-24,,,,,random,11:22
521,48478,49595.0,95.1919385796545,40.0,-20654.0,-688.4666666666667,-0.009172185518452433,0.2520374461330938,0.1360722389537526,0.5207188453580623,0.3070874080048392,15230.0,34365.0,ok,2026-04-24_SPY_10:07_BEARISH,SPY,2026-04-24,,,,,random,09:33
1163,46885,71666.0,61.621668099742045,40.0,-62119.0,-2070.633333333333,-0.002596676600162359,0.011688028675826145,0.0467518396075534,0.02216111555240176,0.43927385371026706,31481.0,40185.0,ok,2026-04-24_SPY_10:07_BEARISH,SPY,2026-04-24,,,,,random,14:23
1148,57016,84715.0,73.79355400696865,40.0,31881.0,1062.7,-0.0001092405363085525,0.010204884291307243,0.04256717412656433,0.017280586127182168,0.3359617541167444,28461.0,56254.0,ok,2026-04-24_SPY_10:14_BULLISH,SPY,2026-04-24,,,,,random,12:49
815,57819,43869.0,53.82699386503067,40.0,-7423.0,-247.43333333333334,-0.001028451043731824,0.010371906120009251,0.043760528545980566,0.01701720874426017,0.4862659281041282,21332.0,22537.0,ok,2026-04-24_SPY_10:14_BULLISH,SPY,2026-04-24,,,,,random,13:07
1233,156838,92692.0,75.17599351175994,40.0,-227927.0,-7597.566666666667,-0.0012055174336333338,0.044195221888637753,0.07177667402032459,0.09512988539929076,0.33234799119665126,30806.0,61886.0,ok,2026-04-24_SPY_10:14_BULLISH,SPY,2026-04-24,,,,,random,09:50
897,82597,50703.0,56.525083612040135,40.0,73065.0,2435.5,-0.002385796337026653,0.014616222594038076,0.05347869777352792,0.03226466853076859,0.6258998481352188,31735.0,18888.0,ok,2026-04-24_SPY_10:14_BULLISH,SPY,2026-04-24,,,,,random,11:44
961,50122,52934.0,55.08220603537981,28.0,1539.0,51.3,-0.001294358509559123,0.010790241476860758,0.043771996328960505,0.016425480819272125,0.3537990705406733,18728.0,34202.0,ok,2026-04-24_SPY_10:14_BULLISH,SPY,2026-04-24,,,,,random,13:53
899,59113,48045.0,53.442714126807566,37.0,-18297.0,-609.9,-0.0018743704405452533,0.010426218859846806,0.04243415154026882,0.016204853343107308,0.49374544697679257,23722.0,24203.0,ok,2026-04-24_SPY_10:14_BULLISH,SPY,2026-04-24,,,,,random,13:40
990,58400,70127.0,70.83535353535353,40.0,20371.0,679.0333333333333,-0.0002804713183925427,0.010778881250146147,0.04530633561643854,0.017812203821343513,0.348852795642192,24464.0,45663.0,ok,2026-04-24_SPY_10:14_BULLISH,SPY,2026-04-24,,,,,random,12:59
1424,135716,112352.0,78.89887640449439,40.0,182275.0,6075.833333333333,-0.0023019599525959133,0.019276283071142257,0.06743876919449654,0.04322521524232421,0.3806162774138422,42763.0,69589.0,ok,2026-04-24_SPY_10:14_BULLISH,SPY,2026-04-24,,,,,random,12:07
976,61946,60113.0,61.591188524590166,40.0,-24945.0,-831.5,-0.001811666711082387,0.010187857878594947,0.04146659994188208,0.016326467646473372,0.4907590704173806,29501.0,30612.0,ok,2026-04-24_SPY_10:14_BULLISH,SPY,2026-04-24,,,,,random,13:36
1262,67297,92671.0,73.43185419968304,40.0,32505.0,1083.5,-0.00038785703066258735,0.010793362037744442,0.04516144850439137,0.017824612651756847,0.3890861218719988,36057.0,56078.0,ok,2026-04-24_SPY_10:14_BULLISH,SPY,2026-04-24,,,,,random,12:35
1345,753330,85978.0,63.92416356877323,40.0,74437.0,2481.233333333333,0.0005411315537920259,0.014494972989773662,0.05528234638206408,0.03181374683570824,0.521365930819512,44826.0,41152.0,ok,2026-04-24_QQQ_09:53_BEARISH,QQQ,2026-04-24,,,,,random,10:07
705,324912,45983.0,65.2241134751773,40.0,-444837.0,-14827.9,-0.0003230342228097539,0.007908739991199287,0.034298517752498855,0.011664571963583416,0.4852010525629037,22311.0,23672.0,ok,2026-04-24_QQQ_09:53_BEARISH,QQQ,2026-04-24,,,,,random,13:25
1029,334518,63828.0,62.029154518950435,40.0,-162128.0,-5404.266666666666,8.733575219322256e-05,0.00828362615767667,0.03512504558797871,0.012681988827157504,0.47275490380397317,30175.0,33653.0,ok,2026-04-24_QQQ_09:53_BEARISH,QQQ,2026-04-24,,,,,random,12:42
1411,466159,91852.0,65.0970942593905,45.0,-36791.0,-1226.3666666666666,0.00045932628201173436,0.007791431124212765,0.03338478931008716,0.011794523960450656,0.4117493358881679,37820.0,54032.0,ok,2026-04-24_QQQ_09:53_BEARISH,QQQ,2026-04-24,,,,,random,11:36
1156,502512,77638.0,67.16089965397924,40.0,-165698.0,-5523.266666666666,0.000337526596252117,0.007888582135630097,0.033912503582005524,0.011724260930254223,0.4750122362760504,36879.0,40759.0,ok,2026-04-24_QQQ_09:53_BEARISH,QQQ,2026-04-24,,,,,random,11:28
799,317093,44890.0,56.18272841051314,40.0,-276297.0,-9209.9,-0.00022202253754315855,0.008240706523263888,0.03557770117915318,0.011076278669649352,0.42143016261973715,18918.0,25972.0,ok,2026-04-24_QQQ_09:53_BEARISH,QQQ,2026-04-24,,,,,random,13:45
1238,486964,83066.0,67.09693053311793,40.0,-332137.0,-11071.233333333334,-0.0012480273259229573,0.009411214993224554,0.039257193550239,0.01305603301513268,0.5060915416656635,42039.0,41027.0,ok,2026-04-24_QQQ_09:53_BEARISH,QQQ,2026-04-24,,,,,random,12:19
827,410125,67831.0,82.02055622732769,53.0,255290.0,8509.666666666666,-0.0012557369516773098,0.058687280388693995,0.08057925498582039,0.13541372612935246,0.4919579543276673,33370.0,34461.0,ok,2026-04-24_QQQ_09:53_BEARISH,QQQ,2026-04-24,,,,,random,09:43
1562,535597,105428.0,67.4955185659411,40.0,-349014.0,-11633.8,-0.0015440298630988616,0.011735314697501246,0.04453495818684275,0.026405392285763277,0.5111355617103616,53888.0,51540.0,ok,2026-04-24_QQQ_09:53_BEARISH,QQQ,2026-04-24,,,,,random,12:15
919,310469,48486.0,52.759521218715996,40.0,-218790.0,-7293.0,-0.0005142518508308106,0.009003286514556588,0.03707587553024912,0.01831043473829237,0.4964732087612919,24072.0,24414.0,ok,2026-04-24_QQQ_09:53_BEARISH,QQQ,2026-04-24,,,,,random,13:59
720,323203,47961.0,66.6125,40.0,-469616.0,-15653.866666666667,-0.00030195026732249107,0.007910328531284158,0.03429024483064841,0.01164985090985092,0.48055711932611916,23048.0,24913.0,ok,2026-04-24_QQQ_10:27_BEARISH,QQQ,2026-04-24,,,,,random,13:26
728,243716,42705.0,58.660714285714285,40.0,158065.0,5268.833333333333,-0.0020527817563940815,0.007780880165345137,0.03202350276551394,0.011366601794853756,0.5195410373492565,22187.0,20486.0,ok,2026-04-24_QQQ_10:27_BEARISH,QQQ,2026-04-24,,,,,random,14:28
922,312023,48126.0,52.197396963123644,40.0,-192011.0,-6400.366666666667,-0.0006090926480727247,0.009006569017446096,0.037041051460953045,0.018289705830159184,0.5038856335452769,24250.0,23869.0,ok,2026-04-24_QQQ_10:27_BEARISH,QQQ,2026-04-24,,,,,random,14:00
940,488020,75708.0,80.54042553191489,50.0,290050.0,9668.333333333334,-0.0007970259799986816,0.0522776198121256,0.07527300110651136,0.12142265974583095,0.4914011729275638,37203.0,38505.0,ok,2026-04-24_QQQ_10:27_BEARISH,QQQ,2026-04-24,,,,,random,09:46
1426,459925,93572.0,65.61851332398317,50.0,-32914.0,-1097.1333333333334,0.0005312650645003362,0.007787320015470808,0.03341231722563645,0.011873764483133289,0.40282349420766894,37693.0,55879.0,ok,2026-04-24_QQQ_10:27_BEARISH,QQQ,2026-04-24,,,,,random,11:37
1996,508394,135367.0,67.8191382765531,42.0,-74311.0,-2477.0333333333333,-0.0010809561891363935,0.01342677317673079,0.04508149191375094,0.03940355229739715,0.42079679685595456,56962.0,78405.0,ok,2026-04-24_QQQ_10:27_BEARISH,QQQ,2026-04-24,,,,,random,11:56
1225,193318,66602.0,54.368979591836734,40.0,46647.0,1554.9,-0.0016492928831757618,0.007104435640267844,0.027807550253985694,0.010126108339882228,0.4624185459896099,30798.0,35804.0,ok,2026-04-24_QQQ_10:27_BEARISH,QQQ,2026-04-24,,,,,random,15:12
943,198282,49377.0,52.361611876988334,40.0,116365.0,3878.8333333333335,-0.001966259301560579,0.007328732542646675,0.029370442097619107,0.010398312118175325,0.5084553537071916,25106.0,24269.0,ok,2026-04-24_QQQ_10:27_BEARISH,QQQ,2026-04-24,,,,,random,14:58
1281,567379,85962.0,67.10538641686183,40.0,-220570.0,-7352.333333333333,0.0003090952811291917,0.008074923078959597,0.034720988968574826,0.012418397648159364,0.5320955771154696,45740.0,40222.0,ok,2026-04-24_QQQ_10:27_BEARISH,QQQ,2026-04-24,,,,,random,11:17
1416,705412,95085.0,67.15042372881356,40.0,102445.0,3414.8333333333335,6.949762424615607e-07,0.011067267060140917,0.04452536957125884,0.02230806408752603,0.47467003207656305,45134.0,49951.0,ok,2026-04-24_QQQ_10:27_BEARISH,QQQ,2026-04-24,,,,,random,10:37
